{
  "version": 1,
  "author": "Uri Shaked",
  "editor": "wokwi",
  "parts": [
    { "type": "wokwi-arduino-uno", "id": "uno", "top": 132.87, "left": 33.13, "attrs": {} },
    { "type": "chip-il9163", "id": "chip1", "top": -85.38, "left": 120, "attrs": {} }
  ],
  "connections": [
    [ "chip1:SCK", "uno:13", "gold", [ "h0" ] ],
    [ "uno:12", "chip1:MISO", "blue", [ "v0" ] ],
    [ "chip1:MOSI", "uno:11", "violet", [ "h0" ] ],
    [ "chip1:GND", "uno:GND.3", "black", [ "v0", "h66.04", "v393.6", "h-124.8" ] ],
    [ "chip1:VCC", "uno:5V", "red", [ "h75.64", "v412.8", "h-134.4", "v-30.83" ] ],
    [ "chip1:SCL", "uno:13", "gold", [ "h-9.6", "v144", "h38.4" ] ],
    [ "chip1:SDA", "uno:11", "green", [ "h-19.2", "v163.2", "h67.2" ] ],
    [ "chip1:CS", "uno:4", "violet", [ "h-28.8", "v182.4", "h144" ] ],
    [ "chip1:DC", "uno:5", "purple", [ "h-38.4", "v201.6", "h153.6" ] ],
    [ "uno:3", "chip1:RST", "gray", [ "v0" ] ]
  ]
}